"1";"https://forge.indepnet.net/svn/room/room.xml?format=raw";"2009-08-07 01:25:50";"31ae6e15a9cabff14b8409ae40f25432";"yes";"2015-07-15 00:13:26";"2015-07-15 00:13:26"
"2";"https://forge.indepnet.net/svn/additionalalerts/additionalalerts.xml?format=raw";"2009-08-07 01:25:50";"a364239682c01538a5f97637efb7219c";"yes";"2015-07-15 00:13:26";"2015-07-15 00:13:26"
"3";"https://forge.indepnet.net/svn/addressing/addressing.xml?format=raw";"2009-08-07 02:25:50";"f5232ede8f7c0724b7547f5a06620003";"yes";"2015-07-15 00:13:26";"2015-07-15 00:13:26"
"4";"https://forge.indepnet.net/svn/racks/racks.xml?format=raw";"2009-08-07 00:00:00";"ad47743a1b570a889bfddb8150ec8502";"yes";"2015-07-15 00:13:26";"2015-07-15 00:13:26"
"5";"https://forge.indepnet.net/svn/manageentities/manageentities.xml?format=raw";"2009-08-07 00:00:00";"191a000b418d7dd916c3faf5045d3fa2";"yes";"2015-07-15 00:13:26";"2015-07-15 00:13:26"
"7";"https://forge.indepnet.net/svn/manufacturersimports/manufacturersimports.xml?format=raw";"2009-08-07 00:00:00";"35f6fe08a369338dfa7f70fd9c6ae46b";"yes";"2015-07-15 00:13:26";"2015-07-15 00:13:26"
"8";"https://forge.indepnet.net/svn/accounts/accounts.xml?format=raw";"2009-08-07 00:00:00";"5b1d998e43dc429629905f23ca98decc";"yes";"2015-07-15 00:13:27";"2015-07-15 00:13:27"
"9";"https://forge.indepnet.net/svn/tracker/tracker.xml?format=raw";"2009-08-07 00:00:00";"dc7619765810c2306d29c6f351ad99ba";"yes";"2015-07-15 00:13:27";"2015-07-15 00:13:27"
"10";"https://forge.indepnet.net/svn/appliances/appliances.xml?format=raw";"2009-08-07 00:00:00";"da9de2b3135f87f834e60284923b2716";"yes";"2015-07-15 00:13:27";"2015-07-15 00:13:27"
"11";"https://forge.indepnet.net/svn/archires/archires.xml?format=raw";"2009-08-07 00:00:00";"2a58e85002dea0dc94bd34fcf9d12ec2";"yes";"2015-07-15 00:13:27";"2015-07-15 00:13:27"
"12";"https://forge.indepnet.net/svn/backups/backups.xml?format=raw";"2009-08-07 00:00:00";"d46866bdf8e23c863c9eb82a4243050b";"yes";"2015-07-15 00:13:27";"2015-07-15 00:13:27"
"13";"https://forge.indepnet.net/svn/badges/badges.xml?format=raw";"2009-08-07 00:00:00";"03eea7a8525db28ccc42ac4d4dc13848";"yes";"2015-07-15 00:13:27";"2015-07-15 00:13:27"
"14";"https://forge.indepnet.net/svn/certificates/certificates.xml?format=raw";"2009-08-07 00:00:00";"734b4390d4e89e6d06867677e7156c98";"yes";"2015-07-15 00:13:28";"2015-07-15 00:13:28"
"15";"https://forge.indepnet.net/svn/databases/databases.xml?format=raw";"2009-08-07 00:00:00";"cf94bbce4de728d7280b1f9260fd6272";"yes";"2015-07-15 00:13:28";"2015-07-15 00:13:28"
"16";"https://forge.indepnet.net/svn/domains/domains.xml?format=raw";"2009-08-07 00:00:00";"ca15da14f6b55b54aa03b82cfc9dc45e";"yes";"2015-07-15 00:13:28";"2015-07-15 00:13:28"
"17";"https://forge.indepnet.net/svn/ideabox/ideabox.xml?format=raw";"2009-08-07 00:00:00";"94ebc243e984ce8244c8cab8991d7df8";"yes";"2015-07-15 00:13:28";"2015-07-15 00:13:28"
"18";"https://forge.indepnet.net/svn/financialreports/financialreports.xml?format=raw";"2009-08-07 00:00:00";"5e80fd67b034d91283203efa8ba37e5d";"yes";"2015-07-15 00:13:28";"2015-07-15 00:13:28"
"19";"https://forge.indepnet.net/svn/eventlog/eventlog.xml?format=raw";"2009-08-07 00:00:00";"bb0f2acb75da6358c38b5b504b5e5290";"yes";"2015-07-15 00:13:28";"2015-07-15 00:13:28"
"20";"https://forge.indepnet.net/svn/environment/environment.xml?format=raw";"2009-08-07 00:00:00";"5205a80f747d3f53635d973e6415e58b";"yes";"2015-07-15 00:13:28";"2015-07-15 00:13:28"
"21";"https://forge.indepnet.net/svn/immobilizationsheets/immobilizationsheets.xml?format=raw";"2009-08-07 00:00:00";"95e68033f1151615a62ffbf366b71c93";"yes";"2015-07-15 00:13:29";"2015-07-15 00:13:29"
"22";"https://forge.indepnet.net/svn/installations/installations.xml?format=raw";"2009-08-07 00:00:00";"c0458e5d5e3ed5b7da220404452b4219";"yes";"2015-07-15 00:13:29";"2015-07-15 00:13:29"
"23";"https://forge.indepnet.net/svn/network/network.xml?format=raw";"2009-08-07 00:00:00";"78fc65004eeba766f647c0cef773f6d5";"yes";"2015-07-15 00:13:29";"2015-07-15 00:13:29"
"24";"https://forge.indepnet.net/svn/reports/reports.xml?format=raw ";"2009-08-07 00:00:00";"80554ad2d8ffd6c45abad90a74fb90d8";"yes";"2015-07-15 00:13:29";"2015-07-15 00:13:29"
"25";"https://forge.indepnet.net/svn/outlookical/outlookical.xml?format=raw";"2009-08-07 00:00:00";"b334fef0dafbdb364a593c33910c1b89";"yes";"2015-07-15 00:13:29";"2015-07-15 00:13:29"
"26";"https://forge.indepnet.net/svn/resources/resources.xml?format=raw";"2009-08-07 00:00:00";"ddc09aa4799c15b0868fa37f44182e92";"yes";"2015-07-15 00:13:29";"2015-07-15 00:13:29"
"27";"https://forge.indepnet.net/svn/rights/rights.xml?format=raw";"2009-08-07 00:00:00";"edf6e825151512d65c4eabe16a747492";"yes";"2015-07-15 00:13:29";"2015-07-15 00:13:29"
"28";"https://forge.indepnet.net/svn/routetables/routetables.xml?format=raw";"2009-08-07 00:00:00";"cdaaf33a24717b7a57a03e271e762b17";"yes";"2015-07-15 00:13:30";"2015-07-15 00:13:30"
"29";"https://forge.indepnet.net/svn/shellcommands/shellcommands.xml?format=raw";"2009-08-07 00:00:00";"8e0c8baffb9273aa577a77a0eec7337d";"yes";"2015-07-15 00:13:30";"2015-07-15 00:13:30"
"30";"https://forge.indepnet.net/svn/validation/validation.xml?format=raw";"2009-08-08 00:00:00";"97e026d9086d97232dcb9cf4f5915dde";"yes";"2015-07-15 00:13:30";"2015-07-15 00:13:30"
"31";"https://forge.indepnet.net/svn/mailkb/mailkb.xml?format=raw";"2009-08-08 00:00:00";"778e7e1a16ee559fba4407d2cfb3f71b";"yes";"2015-07-15 00:13:30";"2015-07-15 00:13:30"
"33";"https://forge.indepnet.net/svn/webapplications/webapplications.xml?format=raw";"2009-08-09 00:00:00";"92c3b0ab12bdfd928f6abed088948484";"yes";"2015-07-15 00:13:30";"2015-07-15 00:13:30"
"34";"https://forge.indepnet.net/svn/shutdowns/shutdowns.xml?format=raw";"2009-08-09 00:00:00";"8390659fee94fbb49a030cdf092a117c";"yes";"2015-07-15 00:13:30";"2015-07-15 00:13:30"
"35";"https://forge.indepnet.net/svn/syslogng/syslogng.xml?format=raw";"2009-08-09 00:00:00";"22d037cc9d6b182fe340bf949bbe6889";"yes";"2015-07-15 00:13:30";"2015-07-15 00:13:30"
"36";"https://forge.indepnet.net/svn/treeview/treeview.xml?format=raw";"2009-08-09 00:00:00";"f4fc1b64830a00163f896cf8f9449883";"yes";"2015-07-15 00:13:31";"2015-07-15 00:13:31"
"37";"https://forge.indepnet.net/svn/centreon/centreon.xml?format=raw";"2009-08-09 00:00:00";"707c5613742d9b237915f436ab2d819c";"yes";"2015-07-15 00:13:31";"2015-07-15 00:13:31"
"38";"https://forge.indepnet.net/svn/dumpentity/dumpentity.xml?format=raw";"2009-08-09 00:00:00";"52c5a5be18ba5f2e4cc75087de37492b";"yes";"2015-07-15 00:13:31";"2015-07-15 00:13:31"
"40";"https://forge.indepnet.net/svn/loadentity/loadentity.xml?format=raw";"2009-08-09 00:00:00";"7637cf981df248315973e5c78bf6ca10";"yes";"2015-07-15 00:13:31";"2015-07-15 00:13:31"
"41";"https://forge.indepnet.net/svn/pdf/pdf.xml?format=raw";"2009-08-12 00:00:00";"49d88699320d684231d525c873c2cb5b";"yes";"2015-07-15 00:13:31";"2015-07-15 00:13:31"
"42";"https://forge.indepnet.net/svn/datainjection/datainjection.xml?format=raw";"2009-08-24 00:00:00";"53ecd060043347fefdce286e06de08e1";"yes";"2015-07-15 00:13:31";"2015-07-15 00:13:31"
"43";"https://forge.indepnet.net/svn/genericobject/genericobject.xml?format=raw";"2009-08-24 00:00:00";"4b4718c3bccf472a38c4a3b9c0303d81";"yes";"2015-07-15 00:13:31";"2015-07-15 00:13:31"
"44";"https://forge.indepnet.net/svn/order/order.xml?format=raw";"2009-08-24 00:00:00";"94a743204c5cbf50cbe7807c6c55c54e";"yes";"2015-07-15 00:13:31";"2015-07-15 00:13:31"
"45";"https://forge.indepnet.net/svn/uninstall/uninstall.xml?format=raw";"2009-08-24 00:00:00";"0e8b34da20a1e08ea2b6407a0e73b644";"yes";"2015-07-15 00:13:32";"2015-07-15 00:13:32"
"46";"https://forge.indepnet.net/svn/geninventorynumber/geninventorynumber.xml?format=raw";"2009-08-24 00:00:00";"756ce00e9dd4e2b0301903942459cbd2";"yes";"2015-07-15 00:13:32";"2015-07-15 00:13:32"
"47";"https://forge.indepnet.net/svn/removefromocs/removefromocs.xml?format=raw";"2009-08-25 00:00:00";"e80f7c68c925f5d7b208bfb04381b7de";"yes";"2015-07-15 00:13:32";"2015-07-15 00:13:32"
"48";"https://forge.indepnet.net/svn/massocsimport/massocsimport.xml?format=raw";"2009-08-31 00:00:00";"dd340114d5e196d46559dbbad6acca9c";"yes";"2015-07-15 00:13:32";"2015-07-15 00:13:32"
"49";"https://forge.indepnet.net/svn/webservices/webservices.xml?format=raw";"2009-09-06 00:00:00";"820ed513ef831cb03e6ad39eee379b1c";"yes";"2015-05-23 19:18:30";"2015-07-15 14:23:44"
"50";"https://forge.indepnet.net/svn/cacti/cacti.xml?format=raw";"2009-09-29 00:00:00";"c530efcf8209ad4e395b88b3ec749f9f";"yes";"2015-07-15 00:13:32";"2015-07-15 00:13:32"
"51";"https://forge.indepnet.net/svn/connections/connections.xml?format=raw";"2009-10-18 00:00:00";"84dd18a18fcb1a9aa2566ad1ed750d37";"yes";"2015-07-15 00:13:32";"2015-07-15 00:13:32"
"52";"https://forge.indepnet.net/svn/alerttimeline/alerttimeline.xml?format=raw";"2009-10-18 00:00:00";"fe39dad954a4059a90232d5ac22986b0";"yes";"2015-07-15 00:13:32";"2015-07-15 00:13:32"
"53";"https://forge.indepnet.net/svn/snort/snort.xml?format=raw";"2009-10-18 00:00:00";"3ce1fb31021a2eabe81916261be12fd0";"yes";"2015-07-15 00:13:33";"2015-07-15 00:13:33"
"54";"https://forge.indepnet.net/svn/alias/alias.xml?format=raw";"2010-02-23 19:11:57";"832dc30b8ef244912f355cec0be8b4b1";"yes";"2015-07-15 00:13:33";"2015-07-15 00:13:33"
"55";"https://forge.indepnet.net/svn/importbl/importbl.xml";"2010-04-26 09:33:15";"acdd80f6b42f9a1b8ebd76ffe01af0b6";"yes";"2015-07-15 00:13:33";"2015-07-15 00:13:33"
"56";"https://forge.indepnet.net/svn/bestmanagement/bestmanagement.xml?format=raw";"2010-06-16 15:54:27";"7e5119f39e4b2a2f0b7eada094c7f693";"yes";"2015-07-15 00:13:33";"2015-07-15 00:13:33"
"57";"https://forge.indepnet.net/svn/mover/mover.xml";"2010-06-18 08:30:57";"8abb29659a717662b35dbf94c5c1d9f4";"yes";"2015-07-15 00:13:33";"2015-07-15 00:13:33"
"58";"https://forge.indepnet.net/svn/projet/projet.xml";"2010-06-21 08:17:40";"78b478ea1855600dde601ebfc461e5d7";"yes";"2015-07-15 00:13:33";"2015-07-15 00:13:33"
"59";"https://forge.indepnet.net/svn/morecron/morecron.xml";"2010-07-06 12:15:28";"bf5182f12cf3d1a6a237f4843ae4d3bd";"yes";"2015-07-15 00:13:33";"2015-07-15 00:13:33"
"60";"https://forge.indepnet.net/svn/adsmtape/adsmtape.xml";"2010-08-25 11:59:23";"cb4231ff25b451027bc5b73232e2b294";"yes";"2015-07-15 00:13:33";"2015-07-15 00:13:33"
"61";"https://forge.indepnet.net/svn/renamer/renamer.xml";"2010-10-18 13:32:07";"e98e26051ece72caae11efcf64894e72";"yes";"2015-07-15 00:13:34";"2015-07-15 00:13:34"
"62";"https://forge.indepnet.net/svn/relations/relations.xml";"2010-10-26 08:12:21";"2ca75cf63da2555362762d1eaf1aa4ff";"yes";"2015-07-15 00:13:34";"2015-07-15 00:13:34"
"65";"https://forge.indepnet.net/svn/catalogueservices/catalogueservices.xml?format=raw";"2010-12-08 11:18:06";"a8ebdcaa7bb382ce72f8b76362e37a27";"yes";"2015-07-15 00:13:34";"2015-07-15 00:13:34"
"66";"https://forge.indepnet.net/svn/ticketmail/ticketmail.xml?format=raw";"2010-12-08 11:18:17";"bdce47e79fd29966da9503e8c12c4798";"yes";"2015-07-15 00:13:34";"2015-07-15 00:13:34"
"67";"https://forge.indepnet.net/svn/ticketlink/ticketlink.xml";"2011-01-20 15:53:40";"103aedaf55bc6ef2a818eecfd7229183";"yes";"2015-07-15 00:13:34";"2015-07-15 00:13:34"
"68";"https://forge.indepnet.net/svn/behaviors/behaviors.xml";"2011-05-25 14:04:18";"08bfba60d7e806486ffdb1235dbc197e";"yes";"2015-07-15 00:13:34";"2015-07-15 00:13:34"
"69";"https://forge.indepnet.net/svn/mobile/mobile.xml";"2011-06-21 09:38:31";"9ac691f17cdc2ea4788815dd9d4c340f";"yes";"2015-07-15 00:13:35";"2015-07-15 00:13:35"
"70";"https://forge.indepnet.net/svn/forward/forward.xml";"2011-07-21 18:34:48";"7c0d17f264a59390e36722f001f4c5e4";"yes";"2015-07-15 00:13:35";"2015-07-15 00:13:35"
"71";"https://forge.indepnet.net/svn/barscode/barscode.xml?format=raw";"2011-11-22 09:38:33";"532a0b3d6b3b44ea705f02a34cd77361";"yes";"2015-07-15 00:13:35";"2015-07-15 00:13:35"
"72";"https://forge.indepnet.net/svn/monitoring/monitoring.xml?format=raw";"2012-01-26 12:22:29";"d8f5468117ba2f05593a896fcedb234e";"yes";"2015-07-15 00:13:35";"2015-07-15 00:13:35"
"73";"https://forge.indepnet.net/svn/room/room.xml?format=raw";"2012-03-02 08:54:20";"31ae6e15a9cabff14b8409ae40f25432";"yes";"2015-07-15 00:13:35";"2015-07-15 00:13:35"
"74";"https://forge.indepnet.net/svn/formcreator/formcreator.xml?format=raw";"2012-08-29 21:10:09";"4494c11f6ea490b1cef47dee0bdb6d2d";"yes";"2015-07-15 00:13:35";"2015-07-15 00:13:35"
"75";"https://forge.indepnet.net/svn/themes/trunk/themes.xml?format=raw";"2012-12-06 11:26:41";"a26a165e5fb6de8b9bdaec9cf5bffe70";"yes";"2015-07-15 00:13:35";"2015-07-15 00:13:35"
"76";"https://forge.indepnet.net/svn/positions/positions.xml?format=raw";"2013-02-12 08:50:48";"795c20c016ac37fbb1c97939ba95c2b6";"yes";"2015-07-15 00:13:35";"2015-07-15 00:13:35"
"77";"http://netcologne.dl.sourceforge.net/project/helpdeskrating/helpdeskrating.xml";"2013-03-04 15:26:03";"774d5eba1b41cebd50ee43374592f4da";"yes";"2015-07-15 00:13:36";"2015-07-15 00:13:36"
"78";"https://forge.indepnet.net/svn/typology/typology.xml?format=raw";"2013-03-07 08:23:50";"13c4753e659fbe4206f59b665336a1ea";"yes";"2015-07-15 00:13:36";"2015-07-15 00:13:36"
"79";"https://forge.indepnet.net/svn/mask/mask.xml?format=raw";"2013-03-08 11:12:58";"71c9f902fda7fe6abb325617ba42083e";"yes";"2015-07-15 00:13:36";"2015-07-15 00:13:36"
"80";"https://forge.indepnet.net/svn/ocsinventoryng/ocsinventoryng.xml?format=raw";"2013-07-25 12:48:06";"741aacd542cb49fa26f5d496471b5457";"yes";"2015-07-15 00:13:36";"2015-07-15 00:13:36"
"81";"https://forge.indepnet.net/svn/surveyticket/surveyticket.xml?format=raw";"2013-08-02 10:26:31";"036a4d89f8979240d17903521ebf4ec9";"yes";"2015-07-15 00:13:37";"2015-07-15 00:13:37"
"82";"https://forge.indepnet.net/svn/utilitaires/utilitaires.xml?format=raw";"2013-09-07 14:44:43";"5b89c7f9e4c08111d66ac7987b296bea";"yes";"2015-07-15 00:13:37";"2015-07-15 00:13:37"
"83";"https://forge.indepnet.net/svn/reforme/reforme/reforme.xml?format=raw";"2013-12-09 15:56:37";"8c43505ebc5dc7386e0fdc70e044d600";"yes";"2015-07-15 00:13:37";"2015-07-15 00:13:37"
"84";"https://forge.indepnet.net/svn/ticketcleaner/ticketcleaner.xml?format=raw";"2014-01-30 14:14:51";"afaf1bbee7f5f4c4ac7e528ac29a190e";"yes";"2015-07-15 00:13:37";"2015-07-15 00:13:37"
"85";"https://forge.indepnet.net/svn/escalation/escalation.xml?format=raw";"2014-02-19 13:13:07";"f9aec2ab5fd0ba203e46e2f135613d84";"yes";"2015-07-15 00:13:37";"2015-07-15 00:13:37"
"86";"https://forge.indepnet.net/svn/vip/vip.xml?format=raw";"2014-03-12 09:23:28";"2db75e97184087367341d0b66344e6c5";"yes";"2015-07-15 00:13:37";"2015-07-15 00:13:37"
"87";"https://forge.indepnet.net/svn/dashboard/dashboard.xml?format=raw";"2014-07-01 13:05:47";"85f4eb71ffa91966e1c6a89840ff864f";"yes";"2015-07-15 00:13:38";"2015-07-15 00:13:38"
"88";"https://forge.indepnet.net/svn/mantis/mantis.xml?format=raw";"2014-07-01 14:45:28";"732eac8bdee57fc7cfddfb856b1f4842";"yes";"2015-07-15 00:13:38";"2015-07-15 00:13:38"
"89";"https://forge.indepnet.net/svn/reservation/reservation.xml?format=raw";"2014-10-22 14:11:49";"f0e137b8718d3b735608f87679cdd1cd";"yes";"2015-07-15 00:13:38";"2015-07-15 00:13:38"
"90";"https://forge.indepnet.net/svn/timezones/timezones.xml";"2015-07-08 16:51:58";"4a72148209a282d2ca06f3d3fe66397f";"yes";"2015-07-15 00:13:38";"2015-07-15 00:13:38"
